team_rank,team,seed,team_strength_score,AdjEM,AdjO,AdjD,adjem_rank,adjo_rank,adjd_rank,meta_points,meta_finish,meta_round_of_64,meta_round_of_32,meta_sweet_sixteen,meta_elite_eight,meta_semifinal,meta_championship,Seas_PPG,Seas_Off_Rebound_Per,Seas_Turnovers,Seas_3PT_Per
1,Arizona,1,95.56097991064544,37.66,127.7,90.0,2,5,3,48.85475988880198,5.429479902610183,0.9933554138389495,0.97016555,0.9963477193098842,0.74169207,0.74331707,0.057620049321662814,86.1,0.381,10.9,0.36
2,Duke,1,95.43660308456626,38.9,128.0,89.1,1,4,2,48.78412428709355,5.983085125684738,0.9940710781897026,0.89526135,0.9261770952323809,0.6625406,0.8039122,0.3160332969817688,82.3,0.365,10.5,0.351
3,Michigan,1,93.21723396854111,37.59,126.6,89.0,3,8,1,47.67377346314184,6.213018849492073,0.9915281874336664,0.9308254,0.9626408352663914,0.5071189,0.5508752,0.0433204337137137,86.8,0.345,12.0,0.36
4,Florida,1,89.35056435352831,33.79,125.5,91.7,4,9,6,21.49050048868709,5.141121829859912,0.9590596036048435,0.768536,0.9870923133973859,0.40133256,0.51731247,0.01871203450954773,86.8,0.432,11.9,0.308
5,Houston,2,86.247496745072,33.43,124.9,91.4,5,14,4,21.367302582093718,4.44484206661582,0.9825343353528495,0.84870255,0.750521540839682,0.31345335,0.18789361,0.2580028178149967,77.1,0.344,8.5,0.349
6,Illinois,3,84.66428313828924,32.1,131.2,99.1,7,2,21,15.420551282472452,4.342078134417534,0.9167081151278953,0.74080944,0.9665025017975037,0.198116,0.275311,0.017703199826607882,84.4,0.384,8.9,0.347
7,Iowa St,2,82.55694683581721,32.42,123.8,91.4,6,19,4,12.987600002690215,4.047046914696693,0.9754766273250286,0.9023993,0.5264788770109106,0.37574664,0.08804238,0.017345536696905136,81.8,0.33,10.3,0.387
8,Purdue,2,81.8236916073949,31.2,131.6,100.4,8,1,25,12.987769980167243,3.990896839648485,0.9619061504107322,0.7801374,0.7757922248916213,0.1558889,0.11566565,0.012422985794334974,81.7,0.35,8.9,0.379
9,Virginia,3,78.57335972106036,26.71,122.5,95.8,13,24,14,11.774976936313056,4.4597017131745815,0.9315690806670519,0.786907,0.5542410886880161,0.8425406,0.27099267,0.0024528379206110017,80.6,0.37,10.8,0.359
10,Connecticut,2,77.47750536322806,27.87,122.0,94.1,11,26,10,11.00745041930019,3.9314594343304634,0.9597962413076035,0.74344635,0.6841510275762195,0.45032063,0.18834513,0.03319713019841117,77.5,0.337,11.1,0.352
11,Gonzaga,3,76.42384914680456,28.1,122.0,93.9,10,26,8,10.421432091204876,3.5209856908768415,0.9588215330826084,0.87263125,0.49238263827610895,0.13498802,0.08592625,0.06094046025628394,85.1,0.342,9.7,0.34
12,Arkansas,4,76.19353730766349,26.05,127.7,101.6,15,5,34,9.55026055630926,3.5178686156868935,0.9521926979761152,0.8610582,0.9102789646834978,0.12787963,0.053825147,0.0013626479966900066,89.9,0.302,9.0,0.389
13,Michigan St,3,74.54672753740745,28.31,123.0,94.7,9,22,12,8.123650817867976,3.432257618755102,0.9002465712406758,0.8421476,0.0980635616930406,0.5288034,0.35464326,9.558769991685481e-05,78.9,0.371,11.5,0.359
14,Vanderbilt,5,73.37970423003479,27.51,126.8,99.3,12,7,22,8.179264545522612,3.090191649273038,0.9296839897429298,0.6785267,0.5269719006552773,0.13154119,0.03703419,7.174739392713176e-05,86.4,0.29,9.5,0.355
15,Alabama,4,71.1273191125064,25.72,129.0,103.3,18,3,42,7.308271989153714,3.2299316637218,0.8684728925386079,0.71836334,0.8827953254038823,0.2707523,0.031175004,7.823795246448765e-05,91.7,0.293,9.8,0.358
16,Nebraska,4,68.43780731813014,26.16,118.5,92.4,14,42,7,5.737869317065915,3.357987648807466,0.9203527870239306,0.8952952,0.38032174451086576,0.124378525,0.10616271,0.005069156463460211,77.3,0.253,9.8,0.353
17,St Johns,5,67.75226695323015,25.91,120.1,94.2,17,36,11,9.336011970314926,3.2432093732059,0.9471366913899426,0.7195489,0.4103301293136406,0.07367743,0.021847416,0.000511296867891698,81.6,0.335,10.5,0.332
18,Texas Tech,5,66.89747654733242,25.22,125.0,99.8,20,12,24,7.242326088786088,3.479451638646424,0.912313674103314,0.61887074,0.21406516231126044,0.16006298,0.0050901305,0.00010868919005402868,80.4,0.3229999999999999,10.8,0.3929999999999999
19,Kansas,4,66.33963997121937,24.44,118.3,93.9,21,43,8,6.980328661021742,3.355409987270832,0.9205290381433638,0.86234635,0.5395213806399181,0.17031345,0.042166762,0.003989399016495539,75.6,0.28,10.7,0.35
20,Wisconsin,5,64.81317776523258,23.39,125.3,102.0,22,11,37,5.060719655526881,2.9633950646966696,0.8458976027416515,0.69442576,0.6236736440310402,0.12933461,0.041332603,0.0002846420016036951,83.0,0.273,8.9,0.361
21,Louisville,6,62.68847910083871,25.42,124.1,98.6,19,17,19,5.02839312260367,2.9130449518561363,0.7677259901233171,0.5047172,0.1566061893769209,0.06711308,0.026940191,0.0006610947216378813,84.8,0.316,11.6,0.357
22,Tennessee,6,60.28117021848318,26.02,121.1,95.0,16,31,13,4.417202304910281,2.766457786783576,0.7927934017435548,0.19707517,0.28940828071607644,0.17869078,0.033379838,0.00707818846469182,79.5,0.447,11.7,0.3339999999999999
23,BYU,6,57.76544060228508,23.25,125.5,102.2,23,9,40,4.037124887617764,2.525607807561755,0.7759736757662444,0.35475278,0.39639073823482107,0.017065622,0.006360987,8.047381472607725e-05,83.9,0.325,10.9,0.349
24,St Marys,7,55.7359116309874,23.07,120.3,97.2,24,35,15,5.984494529038841,2.4987162025645375,0.7649517419215831,0.3469968,0.053573445441921254,0.03775434,0.00886119,4.8365548261113594e-05,77.6,0.365,10.9,0.386
25,N Carolina,6,53.46219008181655,20.84,121.4,100.5,29,29,27,3.1421097789487336,3.0292226932942867,0.7564528198061142,0.42984864,0.2331837526916411,0.06704571,0.0063523888,8.764741475413852e-06,79.8,0.292,9.7,0.345
26,UCLA,7,50.50177615283439,21.67,123.7,102.1,27,20,38,2.8789202228301844,2.519092450849712,0.8320684335448139,0.28447625,0.07545345066814724,0.048225403,0.0045774565,1.1338958469369722e-05,77.7,0.289,8.9,0.382
27,Villanova,8,50.49620860964726,19.97,120.4,100.4,33,34,25,4.094526284563516,2.7350383610464633,0.8613576674422002,0.18743913,0.320545793632807,0.12540662,0.009042441,1.158969907519188e-05,77.2,0.3,10.2,0.353
28,Miami FL,7,50.40945938063219,20.68,121.4,100.7,31,29,28,2.8456654507233283,2.849639997817576,0.7349608049659017,0.4489653,0.0615410908264394,0.01553281,0.0031801036,9.321268886105355e-06,81.9,0.342,11.2,0.347
29,Utah St,9,50.06217599745192,20.76,122.1,101.4,30,25,33,3.246648812321967,2.4704120233654976,0.8095861157524556,0.29877475,0.16956479818315498,0.025139553,0.0060002645,5.847410947456847e-06,81.7,0.311,10.6,0.351
30,Georgia,8,48.92296188100945,20.48,124.7,104.2,32,15,44,3.773974163609479,2.328443859703839,0.7101499853886214,0.2795139,0.06704060855614022,0.026174197,0.0022784327,3.507191445562699e-05,89.8,0.3289999999999999,10.7,0.341
31,Iowa,9,48.870241904058076,22.44,121.7,99.3,25,28,22,1.8971350931613216,2.033078130800277,0.6574702625767811,0.20349543,0.08330530224749397,0.013100022,0.0045174374,8.187389861206367e-05,75.2,0.282,9.7,0.357
32,Kentucky,7,47.82635217954687,21.48,120.5,99.0,28,32,20,2.4353605859178367,2.0030253222212195,0.6872702317952193,0.2021196,0.03532792734908879,0.010924676,0.0009812929,4.603123453785296e-06,80.8,0.325,10.5,0.341
33,Ohio St,8,47.81825430598108,22.24,124.3,102.1,26,16,38,2.095431865567583,1.917117944918573,0.6901986111658589,0.12949246,0.043814708968990396,0.014995789,0.009599057,1.6996600685005562e-05,79.8,0.2789999999999999,10.4,0.36
34,Santa Clara,10,44.37326669912592,19.4,123.6,104.2,35,21,44,3.3040402141360983,2.072422449942678,0.7186660245312633,0.08121903,0.030298854792893466,0.03612786,0.0039737113,1.7169454136479532e-05,82.8,0.35,10.9,0.349
35,NC State,11,41.61288834887298,19.6,124.1,104.5,34,17,46,1.6115340883736153,1.649024830199778,0.5661858176787503,0.20145911,0.028743856120722156,0.017190786,0.0042559206,1.1417932486633168e-05,83.7,0.2689999999999999,9.2,0.3879999999999999
36,St Louis,9,38.90038109282043,18.32,119.5,101.2,39,39,31,1.9198155485642263,1.9091954743489623,0.46493904857855395,0.13074516,0.07690126315448793,0.03364918,0.004228396,2.583154118876062e-05,86.4,0.293,12.5,0.405
37,Texas A&M,10,38.589642387979254,18.67,119.7,101.0,38,38,30,1.9473702981945717,1.6198085626820102,0.6055509725333776,0.07908674,0.019053126172451616,0.026196994,0.0014177231,9.226799795841085e-06,87.7,0.298,10.8,0.362
38,TCU,9,37.63093516703387,17.59,115.4,97.8,41,49,17,1.8073092094284244,1.7897784357191995,0.6030789739804008,0.11553624,0.06081204096589817,0.004153176,0.0004708354,1.3571072288124728e-05,78.3,0.3229999999999999,10.9,0.331
39,Clemson,8,37.11239170367708,19.24,116.5,97.3,36,47,16,1.3774099055842601,1.556318256421946,0.5935437787129746,0.06425315,0.03056679233673757,0.0033573154,0.000949483,9.751356403911375e-06,74.1,0.264,9.4,0.341
40,Texas,11,36.89688211061657,19.03,125.0,105.9,37,12,50,1.1024411943750916,1.3873355600517243,0.30167444432649027,0.1975128,0.037709569903535245,0.0032844765,0.003010657,2.063859987953277e-05,82.6,0.3429999999999999,10.6,0.349
41,UCF,10,34.95993173320345,15.04,120.5,105.4,45,32,49,2.5286062701568675,1.7263144259341061,0.7146546417251491,0.070087284,0.01930915960477923,0.034994602,0.010820929,3.642233440965709e-05,81.0,0.327,11.2,0.362
42,SMU,11,34.18610205094516,18.09,122.9,104.8,40,23,47,1.409954660489383,1.2488888347288594,0.47840804818545585,0.1049365,0.007736916173719064,0.013066437,0.003625721,6.434397482345858e-06,84.2,0.3279999999999999,11.3,0.374
43,VCU,11,33.81409368963156,17.21,119.9,102.7,42,37,41,1.453325063593703,1.5647079799091443,0.39790441180957953,0.06886491,0.02322148030166253,0.01567031,0.0011000225,7.670750548863055e-06,81.6,0.313,10.5,0.367
44,South Florida,11,32.454014724069175,16.39,117.3,100.9,43,44,29,1.4224459567704477,1.3896346939727664,0.29982948531207226,0.044579975,0.021384109742485283,0.003713235,0.0013525486,1.5802841782597405e-06,87.0,0.356,11.3,0.331
45,Missouri,10,30.885198726331797,15.39,119.5,104.1,44,39,43,1.312849599268002,1.5424056709744036,0.48550767550273416,0.07696582,0.06297881035005415,0.0037323586,0.0036269927,1.3944221589365056e-05,79.7,0.327,12.4,0.35
46,McNeese,12,28.103447533566467,12.48,114.3,101.8,47,51,35,1.1679039482487286,1.5626828008098528,0.4741647968567702,0.053509675,0.008476852501252009,0.002450045,0.002603652,1.1281513245020898e-05,76.8,0.336,9.6,0.316
47,Akron,12,27.77097106234261,12.8,118.8,106.0,46,41,52,1.2704941809341326,1.5221375550609082,0.23509460918118535,0.07145398,0.03354335634767434,0.03824336,0.0013707,1.0578147171170366e-05,86.9,0.327,11.1,0.385
48,Northern Iowa,12,25.513144800251325,11.81,110.0,98.2,48,56,18,0.20353167953243215,1.3129365313216113,0.1268973182391444,0.023624027,0.020993055293880354,0.00071144523,0.0010072663,1.5532180409231702e-05,69.1,0.198,9.3,0.349
49,Hofstra,13,23.20596340564178,9.49,114.6,105.1,49,50,48,0.3803398936133482,1.4055365775711834,0.06210385097025289,0.022543637,0.026382565030894124,0.009776991,0.0010811089,4.832835036280962e-06,74.5,0.336,10.6,0.368
50,High Point,12,21.800290512665434,8.4,117.0,108.6,50,45,57,0.45921430041137445,1.3414240131387487,0.11486521641784417,0.011164704,0.004667346921759032,0.002765687,0.0015139024,2.1396448521388472e-06,86.5,0.307,9.3,0.344
51,Cal Baptist,13,21.619965344124807,5.99,107.9,101.9,52,60,36,0.6269682283106627,1.1966106256004423,0.16927523682183562,0.016148282,0.0017912306649454758,0.0022795843,0.02010953,0.00013806755483727103,73.0,0.36,12.4,0.337
52,Miami OH,11,20.41998826216588,8.26,116.8,108.5,51,46,56,0.5941757063045923,1.1245616299565881,0.1828967718006178,0.011388236,0.0038947734555322983,0.008861445,0.005133736,5.212644960261945e-06,87.2,0.23,10.5,0.375
53,Hawaii,13,18.779197915005824,5.97,107.1,101.2,53,63,31,0.308104250079679,1.1122614772757515,0.05508780758194476,0.0074295574,0.00208479685689667,0.0012128298,0.008521091,4.838684027217019e-06,78.7,0.291,13.8,0.316
54,N Dakota St,14,17.876932993400928,5.13,111.7,106.6,54,53,54,0.3425382951738016,1.136475115083158,0.06902445809792095,0.01690377,0.01221255201074727,0.009342297,0.0067566824,2.160012551020761e-05,79.1,0.32,10.8,0.357
55,Troy,13,14.351356549950758,1.72,110.7,109.0,56,54,58,0.2408120670959301,1.0921814043540508,0.033395164681243754,0.013167897,0.0032193429181882286,0.0047110547,0.0017972044,1.4517709849079482e-05,78.3,0.33,11.9,0.332
56,Wright St,14,13.262974969812236,2.04,112.1,110.0,55,52,63,0.19111801351287588,1.0785547506529838,0.028134438482635984,0.02300756,0.00517261143330935,0.014258934,0.0025169405,6.813354889502883e-05,80.0,0.312,11.3,0.361
57,Pennsylvania,14,12.09854088279138,1.47,107.4,105.9,58,62,50,0.1943593881006697,1.0618484394508414,0.06290175969763287,0.02182146,0.004988574933873862,0.01003983,0.0028507567,7.797479455531673e-06,74.6,0.286,10.7,0.387
58,Queens,15,11.567595515703413,-1.44,115.8,117.2,60,48,68,0.13298720660812327,1.1124932097736746,0.01631829445230939,0.017595692,0.008159855909672024,0.026952172,0.0067087137,1.4815319217194017e-05,84.8,0.286,10.6,0.359
59,Tennessee St,15,10.355587544051346,-1.83,109.1,110.9,62,57,65,0.18435146753189396,1.1320054702227935,0.027707502065645987,0.01758703,0.00725827975837273,0.004754645,0.003887587,4.8783262151322226e-05,78.1,0.3229999999999999,11.7,0.337
60,Idaho,15,9.706094552857753,1.53,108.8,107.3,57,58,55,0.08989326595396054,1.0404973356053233,0.011864346249605452,0.009719297,0.002517401808155606,0.0041500633,0.0018826813,5.285973843224183e-06,76.7,0.255,10.4,0.345
61,Kennesaw St.,14,8.622204101598431,0.57,110.6,110.1,59,55,64,0.1054695938532725,1.0400439279910643,0.012018301606337054,0.0040945685,0.004920480746135583,0.0021291077,0.00064795563,2.6283708727338366e-06,80.5,0.336,12.1,0.337
62,UMBC,16,8.56050447525331,-1.67,108.2,109.9,61,59,62,0.1047964190930948,1.079081094590947,0.012482894431512731,0.020017875,0.00735979343240076,0.007299118,0.010428318,1.5885696386584524e-05,75.4,0.228,9.4,0.359
63,Furman,15,8.158889257176801,-1.98,107.5,109.4,63,61,60,0.07372927634948283,1.147594810812734,0.00674679107652323,0.014956054,0.0023087608305631235,0.002400407,0.0016262061,9.251338950329496e-06,75.1,0.295,12.0,0.3329999999999999
64,Long Island Brooklyn,16,6.846925945017078,-3.95,105.6,109.6,66,65,61,0.14153333334223842,1.110574587190058,0.025807631406258448,0.01157961,0.0011359763129171036,0.0041436492,0.009255146,0.00011405434049723862,74.1,0.337,13.0,0.361
65,Siena,16,6.289693105168277,-2.1,107.1,109.2,64,63,59,0.0985156060113377,1.064130486745853,0.009883417067339011,0.010568399,0.008020488682353392,0.0038804824,0.0017926755,5.13830768515768e-06,70.5,0.303,10.3,0.304
66,Howard,16,5.397167902142986,-3.19,103.1,106.3,65,66,53,0.07792503189080487,1.0495996878598817,0.006033191245781531,0.023018979,0.004416235549418585,0.0015423732,0.0013920479,2.9676075767268992e-06,75.0,0.3339999999999999,13.8,0.347
67,Lehigh,16,2.8295524212551255,-10.37,102.7,113.1,67,67,67,0.038557828008381645,1.098350202315487,0.004803215956485267,0.01225732,0.0040490909607378755,0.015792497,0.01645708,4.199365908370292e-05,72.4,0.208,12.0,0.365
68,Prairie View,16,1.098145613600281,-10.69,101.2,111.9,68,68,66,0.023671747000283898,1.0542779408860952,0.002007573147591966,0.011569203,0.021397627719416928,0.0018339605,0.0030094534,1.379404929984009e-05,75.7,0.244,11.7,0.332
