team,seed,contender_tier,AdjEM,AdjO,AdjD,adjem_rank,adjo_rank,adjd_rank,Seas_PPG,Seas_Off_Rebound_Per,Seas_Turnovers,Seas_3PT_Per,seas_ppg_rank,off_rebound_rank,turnover_rank,three_point_rank,secondary_support_count,secondary_supports,risk_flags,meta_points,meta_finish,meta_semifinal,meta_championship
Arizona,1,title,37.66,127.7,90.0,2,5,3,86.1,0.381,10.9,0.36,13,4,40,21,2,"top_20_scoring,top_20_off_rebounding",,48.85475988880198,5.429479902610183,0.7433170676231384,0.057620049321662814
Michigan,1,title,37.59,126.6,89.0,3,8,1,86.8,0.345,12.0,0.36,8,13,59,21,2,"top_20_scoring,top_20_off_rebounding",loose_turnover_profile,47.67377346314184,6.213018849492073,0.550875186920166,0.0433204337137137
Florida,1,title,33.79,125.5,91.7,4,9,6,86.8,0.432,11.9,0.308,8,2,57,67,2,"top_20_scoring,top_20_off_rebounding",loose_turnover_profile,21.49050048868709,5.141121829859912,0.5173124670982361,0.01871203450954773
Duke,1,title,38.9,128.0,89.1,1,4,2,82.3,0.365,10.5,0.351,24,7,24,36,1,top_20_off_rebounding,,48.78412428709355,5.983085125684738,0.8039122223854065,0.3160332969817688
Houston,2,final_four,33.43,124.9,91.4,5,14,4,77.1,0.344,8.5,0.349,52,14,1,40,2,"top_20_off_rebounding,top_20_turnover_control",,21.367302582093718,4.44484206661582,0.18789361417293549,0.2580028178149967
Gonzaga,3,second_weekend,28.1,122.0,93.9,10,26,8,85.1,0.342,9.7,0.34,14,16,14,54,3,"top_20_scoring,top_20_off_rebounding,top_20_turnover_control",outside_top_20_offense,10.421432091204876,3.5209856908768415,0.08592624962329865,0.06094046025628394
Illinois,3,second_weekend,32.1,131.2,99.1,7,2,21,84.4,0.384,8.9,0.347,17,3,2,45,3,"top_20_scoring,top_20_off_rebounding,top_20_turnover_control",,15.420551282472452,4.342078134417534,0.2753109931945801,0.017703199826607882
Purdue,2,second_weekend,31.2,131.6,100.4,8,1,25,81.7,0.35,8.9,0.379,27,11,2,10,3,"top_20_off_rebounding,top_20_turnover_control,top_20_three_point_pct",,12.987769980167243,3.990896839648485,0.11566565185785294,0.012422985794334974
Arkansas,4,second_weekend,26.05,127.7,101.6,15,5,34,89.9,0.302,9.0,0.389,2,44,6,3,3,"top_20_scoring,top_20_turnover_control,top_20_three_point_pct",outside_top_25_defense,9.55026055630926,3.5178686156868935,0.053825147449970245,0.0013626479966900066
Iowa St,2,second_weekend,32.42,123.8,91.4,6,19,4,81.8,0.33,10.3,0.387,26,25,20,5,2,"top_20_turnover_control,top_20_three_point_pct",,12.987600002690215,4.047046914696693,0.08804237842559814,0.017345536696905136
Alabama,4,second_weekend,25.72,129.0,103.3,18,3,42,91.7,0.293,9.8,0.358,1,48,17,28,2,"top_20_scoring,top_20_turnover_control",outside_top_25_defense,7.308271989153714,3.2299316637218,0.031175004318356514,7.823795246448765e-05
Vanderbilt,5,second_weekend,27.51,126.8,99.3,12,7,22,86.4,0.29,9.5,0.355,11,52,12,32,2,"top_20_scoring,top_20_turnover_control",,8.179264545522612,3.090191649273038,0.03703419119119644,7.174739392713176e-05
Connecticut,2,second_weekend,27.87,122.0,94.1,11,26,10,77.5,0.337,11.1,0.352,49,18,45,35,1,top_20_off_rebounding,"outside_top_20_offense,loose_turnover_profile",11.00745041930019,3.9314594343304634,0.18834513425827026,0.03319713019841117
Tennessee,6,second_weekend,26.02,121.1,95.0,16,31,13,79.5,0.447,11.7,0.3339999999999999,40,1,54,58,1,top_20_off_rebounding,"outside_top_20_offense,loose_turnover_profile",4.417202304910281,2.766457786783576,0.03337983787059784,0.00707818846469182
Nebraska,4,second_weekend,26.16,118.5,92.4,14,42,7,77.3,0.253,9.8,0.353,50,63,17,33,1,top_20_turnover_control,outside_top_20_offense,5.737869317065915,3.357987648807466,0.10616271197795868,0.005069156463460211
Virginia,3,second_weekend,26.71,122.5,95.8,13,24,14,80.6,0.37,10.8,0.359,33,6,36,24,1,top_20_off_rebounding,outside_top_20_offense,11.774976936313056,4.4597017131745815,0.2709926664829254,0.0024528379206110017
Texas Tech,5,second_weekend,25.22,125.0,99.8,20,12,24,80.4,0.3229999999999999,10.8,0.3929999999999999,35,34,36,2,1,top_20_three_point_pct,,7.242326088786088,3.479451638646424,0.005090130493044853,0.00010868919005402868
Michigan St,3,second_weekend,28.31,123.0,94.7,9,22,12,78.9,0.371,11.5,0.359,42,5,52,24,1,top_20_off_rebounding,"outside_top_20_offense,loose_turnover_profile",8.123650817867976,3.432257618755102,0.3546432554721832,9.558769991685481e-05
St Johns,5,second_weekend,25.91,120.1,94.2,17,36,11,81.6,0.335,10.5,0.332,29,23,24,60,0,,outside_top_20_offense,9.336011970314926,3.2432093732059,0.02184741571545601,0.000511296867891698
Wisconsin,5,darkhorse,23.39,125.3,102.0,22,11,37,83.0,0.273,8.9,0.361,21,59,2,18,2,"top_20_turnover_control,top_20_three_point_pct","outside_top_20_adjem,outside_top_25_defense",5.060719655526881,2.9633950646966696,0.04133260250091553,0.0002846420016036951
St Marys,7,darkhorse,23.07,120.3,97.2,24,35,15,77.6,0.365,10.9,0.386,48,7,40,7,2,"top_20_off_rebounding,top_20_three_point_pct","outside_top_20_adjem,outside_top_20_offense",5.984494529038841,2.4987162025645375,0.00886118970811367,4.8365548261113594e-05
Louisville,6,darkhorse,25.42,124.1,98.6,19,17,19,84.8,0.316,11.6,0.357,15,38,53,29,1,top_20_scoring,loose_turnover_profile,5.02839312260367,2.9130449518561363,0.02694019116461277,0.0006610947216378813
Iowa,9,darkhorse,22.44,121.7,99.3,25,28,22,75.2,0.282,9.7,0.357,58,56,14,29,1,top_20_turnover_control,"outside_top_20_adjem,outside_top_20_offense",1.8971350931613216,2.033078130800277,0.004517437424510717,8.187389861206367e-05
BYU,6,darkhorse,23.25,125.5,102.2,23,9,40,83.9,0.325,10.9,0.349,19,32,40,40,1,top_20_scoring,"outside_top_20_adjem,outside_top_25_defense",4.037124887617764,2.525607807561755,0.006360987201333046,8.047381472607725e-05
Kansas,4,darkhorse,24.44,118.3,93.9,21,43,8,75.6,0.28,10.7,0.35,56,57,33,38,0,,"outside_top_20_adjem,outside_top_20_offense",6.980328661021742,3.355409987270832,0.04216676205396652,0.003989399016495539
NC State,11,fade,19.6,124.1,104.5,34,17,46,83.7,0.2689999999999999,9.2,0.3879999999999999,20,60,7,4,3,"top_20_scoring,top_20_turnover_control,top_20_three_point_pct","outside_top_20_adjem,outside_top_25_defense",1.6115340883736153,1.649024830199778,0.004255920648574829,1.1417932486633168e-05
Long Island Brooklyn,16,fade,-3.95,105.6,109.6,66,65,61,74.1,0.337,13.0,0.361,63,18,66,18,2,"top_20_off_rebounding,top_20_three_point_pct","outside_top_20_adjem,outside_top_20_offense,outside_top_25_defense,loose_turnover_profile",0.14153333334223842,1.110574587190058,0.00925514567643404,0.00011405434049723862
St Louis,9,fade,18.32,119.5,101.2,39,39,31,86.4,0.293,12.5,0.405,11,48,65,1,2,"top_20_scoring,top_20_three_point_pct","outside_top_20_adjem,outside_top_20_offense,outside_top_25_defense,loose_turnover_profile",1.9198155485642263,1.9091954743489623,0.004228395875543356,2.583154118876062e-05
UCLA,7,fade,21.67,123.7,102.1,27,20,38,77.7,0.289,8.9,0.382,47,53,2,9,2,"top_20_turnover_control,top_20_three_point_pct","outside_top_20_adjem,outside_top_25_defense",2.8789202228301844,2.519092450849712,0.004577456507831812,1.1338958469369722e-05
McNeese,12,fade,12.48,114.3,101.8,47,51,35,76.8,0.336,9.6,0.316,53,20,13,65,2,"top_20_off_rebounding,top_20_turnover_control","outside_top_20_adjem,outside_top_20_offense,outside_top_25_defense",1.1679039482487286,1.5626828008098528,0.0026036519557237625,1.1281513245020898e-05
Akron,12,fade,12.8,118.8,106.0,46,41,52,86.9,0.327,11.1,0.385,7,29,45,8,2,"top_20_scoring,top_20_three_point_pct","outside_top_20_adjem,outside_top_20_offense,outside_top_25_defense,loose_turnover_profile",1.2704941809341326,1.5221375550609082,0.001370699959807098,1.0578147171170366e-05
Texas A&M,10,fade,18.67,119.7,101.0,38,38,30,87.7,0.298,10.8,0.362,4,46,36,16,2,"top_20_scoring,top_20_three_point_pct","outside_top_20_adjem,outside_top_20_offense,outside_top_25_defense",1.9473702981945717,1.6198085626820102,0.0014177231350913644,9.226799795841085e-06
SMU,11,fade,18.09,122.9,104.8,40,23,47,84.2,0.3279999999999999,11.3,0.374,18,28,49,12,2,"top_20_scoring,top_20_three_point_pct","outside_top_20_adjem,outside_top_20_offense,outside_top_25_defense,loose_turnover_profile",1.409954660489383,1.2488888347288594,0.0036257209721952677,6.434397482345858e-06
Miami OH,11,fade,8.26,116.8,108.5,51,46,56,87.2,0.23,10.5,0.375,5,65,24,11,2,"top_20_scoring,top_20_three_point_pct","outside_top_20_adjem,outside_top_20_offense,outside_top_25_defense",0.5941757063045923,1.1245616299565881,0.0051337359473109245,5.212644960261945e-06
Hofstra,13,fade,9.49,114.6,105.1,49,50,48,74.5,0.336,10.6,0.368,62,20,29,13,2,"top_20_off_rebounding,top_20_three_point_pct","outside_top_20_adjem,outside_top_20_offense,outside_top_25_defense",0.3803398936133482,1.4055365775711834,0.0010811089305207133,4.832835036280962e-06
High Point,12,fade,8.4,117.0,108.6,50,45,57,86.5,0.307,9.3,0.344,10,42,8,50,2,"top_20_scoring,top_20_turnover_control","outside_top_20_adjem,outside_top_20_offense,outside_top_25_defense",0.45921430041137445,1.3414240131387487,0.0015139024471864104,2.1396448521388472e-06
South Florida,11,fade,16.39,117.3,100.9,43,44,29,87.0,0.356,11.3,0.331,6,10,49,63,2,"top_20_scoring,top_20_off_rebounding","outside_top_20_adjem,outside_top_20_offense,outside_top_25_defense,loose_turnover_profile",1.4224459567704477,1.3896346939727664,0.001352548599243164,1.5802841782597405e-06
Cal Baptist,13,fade,5.99,107.9,101.9,52,60,36,73.0,0.36,12.4,0.337,65,9,63,55,1,top_20_off_rebounding,"outside_top_20_adjem,outside_top_20_offense,outside_top_25_defense,loose_turnover_profile",0.6269682283106627,1.1966106256004423,0.02010953053832054,0.00013806755483727103
Wright St,14,fade,2.04,112.1,110.0,55,52,63,80.0,0.312,11.3,0.361,36,40,49,18,1,top_20_three_point_pct,"outside_top_20_adjem,outside_top_20_offense,outside_top_25_defense,loose_turnover_profile",0.19111801351287588,1.0785547506529838,0.0025169404689222574,6.813354889502883e-05
Lehigh,16,fade,-10.37,102.7,113.1,67,67,67,72.4,0.208,12.0,0.365,66,67,59,15,1,top_20_three_point_pct,"outside_top_20_adjem,outside_top_20_offense,outside_top_25_defense,loose_turnover_profile",0.038557828008381645,1.098350202315487,0.016457080841064453,4.199365908370292e-05
UCF,10,fade,15.04,120.5,105.4,45,32,49,81.0,0.327,11.2,0.362,31,29,47,16,1,top_20_three_point_pct,"outside_top_20_adjem,outside_top_20_offense,outside_top_25_defense,loose_turnover_profile",2.5286062701568675,1.7263144259341061,0.01082092896103859,3.642233440965709e-05
Georgia,8,fade,20.48,124.7,104.2,32,15,44,89.8,0.3289999999999999,10.7,0.341,3,27,33,51,1,top_20_scoring,"outside_top_20_adjem,outside_top_25_defense",3.773974163609479,2.328443859703839,0.0022784327156841755,3.507191445562699e-05
Texas,11,fade,19.03,125.0,105.9,37,12,50,82.6,0.3429999999999999,10.6,0.349,23,15,29,40,1,top_20_off_rebounding,"outside_top_20_adjem,outside_top_25_defense",1.1024411943750916,1.3873355600517243,0.0030106569174677134,2.063859987953277e-05
Santa Clara,10,fade,19.4,123.6,104.2,35,21,44,82.8,0.35,10.9,0.349,22,11,40,40,1,top_20_off_rebounding,"outside_top_20_adjem,outside_top_20_offense,outside_top_25_defense",3.3040402141360983,2.072422449942678,0.003973711282014847,1.7169454136479532e-05
UMBC,16,fade,-1.67,108.2,109.9,61,59,62,75.4,0.228,9.4,0.359,57,66,10,24,1,top_20_turnover_control,"outside_top_20_adjem,outside_top_20_offense,outside_top_25_defense",0.1047964190930948,1.079081094590947,0.010428317822515965,1.5885696386584524e-05
Northern Iowa,12,fade,11.81,110.0,98.2,48,56,18,69.1,0.198,9.3,0.349,68,68,8,40,1,top_20_turnover_control,"outside_top_20_adjem,outside_top_20_offense",0.20353167953243215,1.3129365313216113,0.001007266342639923,1.5532180409231702e-05
Queens,15,fade,-1.44,115.8,117.2,60,48,68,84.8,0.286,10.6,0.359,15,54,29,24,1,top_20_scoring,"outside_top_20_adjem,outside_top_20_offense,outside_top_25_defense",0.13298720660812327,1.1124932097736746,0.006708713714033365,1.4815319217194017e-05
Villanova,8,fade,19.97,120.4,100.4,33,34,25,77.2,0.3,10.2,0.353,51,45,19,33,1,top_20_turnover_control,"outside_top_20_adjem,outside_top_20_offense",4.094526284563516,2.7350383610464633,0.009042440913617611,1.158969907519188e-05
Clemson,8,fade,19.24,116.5,97.3,36,47,16,74.1,0.264,9.4,0.341,63,61,10,51,1,top_20_turnover_control,"outside_top_20_adjem,outside_top_20_offense",1.3774099055842601,1.556318256421946,0.0009494830155745149,9.751356403911375e-06
Miami FL,7,fade,20.68,121.4,100.7,31,29,28,81.9,0.342,11.2,0.347,25,16,47,45,1,top_20_off_rebounding,"outside_top_20_adjem,outside_top_20_offense,outside_top_25_defense,loose_turnover_profile",2.8456654507233283,2.849639997817576,0.0031801036093384027,9.321268886105355e-06
N Carolina,6,fade,20.84,121.4,100.5,29,29,27,79.8,0.292,9.7,0.345,37,50,14,48,1,top_20_turnover_control,"outside_top_20_adjem,outside_top_20_offense,outside_top_25_defense",3.1421097789487336,3.0292226932942867,0.0063523887656629086,8.764741475413852e-06
Pennsylvania,14,fade,1.47,107.4,105.9,58,62,50,74.6,0.286,10.7,0.387,61,54,33,5,1,top_20_three_point_pct,"outside_top_20_adjem,outside_top_20_offense,outside_top_25_defense",0.1943593881006697,1.0618484394508414,0.00285075674764812,7.797479455531673e-06
VCU,11,fade,17.21,119.9,102.7,42,37,41,81.6,0.313,10.5,0.367,29,39,24,14,1,top_20_three_point_pct,"outside_top_20_adjem,outside_top_20_offense,outside_top_25_defense",1.453325063593703,1.5647079799091443,0.0011000224621966481,7.670750548863055e-06
Siena,16,fade,-2.1,107.1,109.2,64,63,59,70.5,0.303,10.3,0.304,67,43,20,68,1,top_20_turnover_control,"outside_top_20_adjem,outside_top_20_offense,outside_top_25_defense",0.0985156060113377,1.064130486745853,0.0017926754662767053,5.13830768515768e-06
Kennesaw St.,14,fade,0.57,110.6,110.1,59,55,64,80.5,0.336,12.1,0.337,34,20,62,55,1,top_20_off_rebounding,"outside_top_20_adjem,outside_top_20_offense,outside_top_25_defense,loose_turnover_profile",0.1054695938532725,1.0400439279910643,0.0006479556323029101,2.6283708727338366e-06
Tennessee St,15,fade,-1.83,109.1,110.9,62,57,65,78.1,0.3229999999999999,11.7,0.337,46,34,54,55,0,,"outside_top_20_adjem,outside_top_20_offense,outside_top_25_defense,loose_turnover_profile",0.18435146753189396,1.1320054702227935,0.0038875869940966368,4.8783262151322226e-05
N Dakota St,14,fade,5.13,111.7,106.6,54,53,54,79.1,0.32,10.8,0.357,41,37,36,29,0,,"outside_top_20_adjem,outside_top_20_offense,outside_top_25_defense",0.3425382951738016,1.136475115083158,0.00675668241456151,2.160012551020761e-05
Ohio St,8,fade,22.24,124.3,102.1,26,16,38,79.8,0.2789999999999999,10.4,0.36,37,58,22,21,0,,"outside_top_20_adjem,outside_top_25_defense",2.095431865567583,1.917117944918573,0.009599057026207447,1.6996600685005562e-05
Troy,13,fade,1.72,110.7,109.0,56,54,58,78.3,0.33,11.9,0.332,44,25,57,60,0,,"outside_top_20_adjem,outside_top_20_offense,outside_top_25_defense,loose_turnover_profile",0.2408120670959301,1.0921814043540508,0.0017972043715417385,1.4517709849079482e-05
Missouri,10,fade,15.39,119.5,104.1,44,39,43,79.7,0.327,12.4,0.35,39,29,63,38,0,,"outside_top_20_adjem,outside_top_20_offense,outside_top_25_defense,loose_turnover_profile",1.312849599268002,1.5424056709744036,0.003626992693170905,1.3944221589365056e-05
Prairie View,16,fade,-10.69,101.2,111.9,68,68,66,75.7,0.244,11.7,0.332,55,64,54,60,0,,"outside_top_20_adjem,outside_top_20_offense,outside_top_25_defense,loose_turnover_profile",0.023671747000283898,1.0542779408860952,0.0030094534158706665,1.379404929984009e-05
TCU,9,fade,17.59,115.4,97.8,41,49,17,78.3,0.3229999999999999,10.9,0.331,44,34,40,63,0,,"outside_top_20_adjem,outside_top_20_offense",1.8073092094284244,1.7897784357191995,0.00047083539539016783,1.3571072288124728e-05
Furman,15,fade,-1.98,107.5,109.4,63,61,60,75.1,0.295,12.0,0.3329999999999999,59,47,59,59,0,,"outside_top_20_adjem,outside_top_20_offense,outside_top_25_defense,loose_turnover_profile",0.07372927634948283,1.147594810812734,0.0016262060962617397,9.251338950329496e-06
Utah St,9,fade,20.76,122.1,101.4,30,25,33,81.7,0.311,10.6,0.351,27,41,29,36,0,,"outside_top_20_adjem,outside_top_20_offense,outside_top_25_defense",3.246648812321967,2.4704120233654976,0.006000264547765255,5.847410947456847e-06
Idaho,15,fade,1.53,108.8,107.3,57,58,55,76.7,0.255,10.4,0.345,54,62,22,48,0,,"outside_top_20_adjem,outside_top_20_offense,outside_top_25_defense",0.08989326595396054,1.0404973356053233,0.001882681273855269,5.285973843224183e-06
Hawaii,13,fade,5.97,107.1,101.2,53,63,31,78.7,0.291,13.8,0.316,43,51,67,65,0,,"outside_top_20_adjem,outside_top_20_offense,outside_top_25_defense,loose_turnover_profile",0.308104250079679,1.1122614772757515,0.00852109119296074,4.838684027217019e-06
Kentucky,7,fade,21.48,120.5,99.0,28,32,20,80.8,0.325,10.5,0.341,32,32,24,51,0,,"outside_top_20_adjem,outside_top_20_offense",2.4353605859178367,2.0030253222212195,0.0009812929201871157,4.603123453785296e-06
Howard,16,fade,-3.19,103.1,106.3,65,66,53,75.0,0.3339999999999999,13.8,0.347,60,24,67,45,0,,"outside_top_20_adjem,outside_top_20_offense,outside_top_25_defense,loose_turnover_profile",0.07792503189080487,1.0495996878598817,0.0013920478522777557,2.9676075767268992e-06
